{"0": {"0": [0.023929111818010374, 610899208.0841211, 0.035, 613142041.4428395], "1": [0.023493330669928047, 709224772.599049, 0.035, 719523626.8737046], "2": [0.02138562933888536, 153288901.8307208, 0.035, 162572907.5874956], "3": [0.0021048059463980215, 413830460.7658695, 0.035, 455615915.6391786], "4": [0.03422192457626738, 1051414959.2934471, 0.035, 1051561217.2339017]}, "1": {"0": [0.029938995724315236, 919980224.2830361, 0.035, 921002673.3340527], "1": [0.010272554534767341, 999272237.6904057, 0.027819577461101926, 1033277249.6419007]}, "2": {"0": [0.0069425372514078645, 381168459.1517526, 0.035, 425376748.9118211], "1": [0.029022521828097708, 865234805.9288206, 0.035, 866497092.7539737], "2": [0.022299257002081484, 291130593.9000627, 0.035, 316664238.2960404], "3": [0.0029904257481958075, 1154339375.4114456, 0.030007133611359087, 1200000000.0]}, "3": {"0": [0.003249155830967979, 852483178.4645867, 0.035, 858865290.2796661], "1": [0.01947405497046006, 771132470.330071, 0.035, 783539371.607897], "2": [0.0035872947155674794, 1072950579.1416409, 0.02253771254636683, 1159413650.4992452], "3": [0.0015292634459398964, 714540535.5935464, 0.035, 740403464.5225741], "4": [0.013744167733632394, 252713517.54329866, 0.035, 256499481.7029565], "5": [0.024186892144895847, 298360614.6628598, 0.035, 310678184.64809436], "6": [0.025444210096504404, 1160394093.7358031, 0.035, 1162293391.4056213]}, "4": {"0": [0.00029528534383856277, 381282479.1600838, 0.028080408461674977, 398272474.69458795], "1": [0.0077580421620274944, 928194074.4181885, 0.03350107028749491, 953388872.196525], "2": [0.007591247422150719, 1138631709.9096584, 0.035, 1178665553.4593291]}}