,precision,recall
0,0.9083094555873925,0.7107623318385651
1,0.9188405797101449,0.7406542056074766
2,0.9285714285714286,0.767178658043654
